{
    "loss": 1.2944930791854858,
    "accuracy": 0.8813017010688782
}